{"textures":{"0":"modelengine:entity/claws"},"elements":[{"from":[18.75,7.125,-1.125],"to":[21.375,8.625,0.75],"faces":{"east":{"uv":[5.875,7.6875,6.0,7.78125],"tintindex":-2,"rotation":0,"texture":"#0"},"south":{"uv":[6.0,1.5625,6.15625,1.65625],"tintindex":-2,"rotation":0,"texture":"#0"},"north":{"uv":[5.875,0.25,6.03125,0.34375],"tintindex":-2,"rotation":0,"texture":"#0"},"west":{"uv":[5.1875,7.8125,5.3125,7.90625],"tintindex":-2,"rotation":0,"texture":"#0"},"up":{"uv":[0.53125,8.09375,0.375,7.96875],"tintindex":-2,"rotation":0,"texture":"#0"},"down":{"uv":[0.6875,7.96875,0.53125,8.09375],"tintindex":-2,"rotation":0,"texture":"#0"}},"rotation":{"origin":[-1.0,-4.0,4.5],"angle":45.0,"axis":"y"}},{"from":[7.125,5.5,8.0],"to":[15.375,9.75,11.625],"faces":{"east":{"uv":[6.5,7.375,6.71875,7.65625],"tintindex":-2,"rotation":0,"texture":"#0"},"south":{"uv":[5.90625,3.21875,6.4375,3.5],"tintindex":-2,"rotation":0,"texture":"#0"},"north":{"uv":[5.875,2.9375,6.40625,3.21875],"tintindex":-2,"rotation":0,"texture":"#0"},"west":{"uv":[7.46875,5.90625,7.6875,6.1875],"tintindex":-2,"rotation":0,"texture":"#0"},"up":{"uv":[6.8125,1.5,6.28125,1.28125],"tintindex":-2,"rotation":0,"texture":"#0"},"down":{"uv":[6.8125,2.125,6.28125,2.34375],"tintindex":-2,"rotation":0,"texture":"#0"}}},{"from":[3.75,5.875,-2.5],"to":[13.875,9.875,1.0],"faces":{"east":{"uv":[6.21875,7.53125,6.4375,7.78125],"tintindex":-2,"rotation":0,"texture":"#0"},"south":{"uv":[5.65625,2.1875,6.28125,2.4375],"tintindex":-2,"rotation":0,"texture":"#0"},"north":{"uv":[0.75,5.625,1.375,5.875],"tintindex":-2,"rotation":0,"texture":"#0"},"west":{"uv":[4.6875,7.5625,4.90625,7.8125],"tintindex":-2,"rotation":0,"texture":"#0"},"up":{"uv":[6.65625,0.46875,6.03125,0.25],"tintindex":-2,"rotation":0,"texture":"#0"},"down":{"uv":[6.65625,2.65625,6.03125,2.875],"tintindex":-2,"rotation":0,"texture":"#0"}},"rotation":{"origin":[-1.0,-4.0,4.5],"angle":45.0,"axis":"y"}},{"from":[3.75,4.625,5.0],"to":[10.875,10.25,9.0],"faces":{"east":{"uv":[6.71875,7.21875,6.96875,7.5625],"tintindex":-2,"rotation":0,"texture":"#0"},"south":{"uv":[5.84375,4.71875,6.28125,5.0625],"tintindex":-2,"rotation":0,"texture":"#0"},"north":{"uv":[4.40625,5.84375,4.84375,6.1875],"tintindex":-2,"rotation":0,"texture":"#0"},"west":{"uv":[7.25,0.4375,7.5,0.78125],"tintindex":-2,"rotation":0,"texture":"#0"},"up":{"uv":[6.9375,3.875,6.5,3.625],"tintindex":-2,"rotation":0,"texture":"#0"},"down":{"uv":[6.15625,6.5,5.71875,6.75],"tintindex":-2,"rotation":0,"texture":"#0"}}},{"from":[0.5,5.125,-2.5],"to":[4.5,10.5,8.5],"faces":{"east":{"uv":[4.125,2.53125,4.8125,2.875],"tintindex":-2,"rotation":0,"texture":"#0"},"south":{"uv":[1.3125,7.25,1.5625,7.59375],"tintindex":-2,"rotation":0,"texture":"#0"},"north":{"uv":[7.25,0.78125,7.5,1.125],"tintindex":-2,"rotation":0,"texture":"#0"},"west":{"uv":[4.125,2.875,4.8125,3.21875],"tintindex":-2,"rotation":0,"texture":"#0"},"up":{"uv":[3.59375,6.09375,3.34375,5.40625],"tintindex":-2,"rotation":0,"texture":"#0"},"down":{"uv":[0.25,5.4375,0.0,6.125],"tintindex":-2,"rotation":0,"texture":"#0"}},"rotation":{"origin":[5.5,-6.5,4.5],"angle":22.5,"axis":"y"}},{"from":[-3.75,7.375,-1.0],"to":[5.375,8.375,0.5],"faces":{"east":{"uv":[5.75,1.0,5.84375,1.0625],"tintindex":-2,"rotation":0,"texture":"#0"},"south":{"uv":[7.84375,4.3125,8.40625,4.375],"tintindex":-2,"rotation":0,"texture":"#0"},"north":{"uv":[7.84375,4.25,8.40625,4.3125],"tintindex":-2,"rotation":0,"texture":"#0"},"west":{"uv":[5.75,1.0625,5.84375,1.125],"tintindex":-2,"rotation":0,"texture":"#0"},"up":{"uv":[8.1875,7.5,7.625,7.40625],"tintindex":-2,"rotation":0,"texture":"#0"},"down":{"uv":[8.1875,7.5,7.625,7.59375],"tintindex":-2,"rotation":0,"texture":"#0"}},"rotation":{"origin":[-1.0,-4.0,4.5],"angle":45.0,"axis":"y"}},{"from":[1.5,6.125,6.5],"to":[4.5,9.0,15.5],"faces":{"east":{"uv":[6.75,4.90625,7.3125,5.09375],"tintindex":-2,"rotation":0,"texture":"#0"},"south":{"uv":[0.1875,7.84375,0.375,8.03125],"tintindex":-2,"rotation":0,"texture":"#0"},"north":{"uv":[0.0,7.84375,0.1875,8.03125],"tintindex":-2,"rotation":0,"texture":"#0"},"west":{"uv":[6.75,5.09375,7.3125,5.28125],"tintindex":-2,"rotation":0,"texture":"#0"},"up":{"uv":[5.78125,7.3125,5.59375,6.75],"tintindex":-2,"rotation":0,"texture":"#0"},"down":{"uv":[5.96875,6.75,5.78125,7.3125],"tintindex":-2,"rotation":0,"texture":"#0"}},"rotation":{"origin":[5.5,-6.5,4.5],"angle":22.5,"axis":"y"}},{"from":[13.25,6.625,-2.125],"to":[18.875,9.125,0.75],"faces":{"east":{"uv":[7.15625,7.90625,7.34375,8.0625],"tintindex":-2,"rotation":0,"texture":"#0"},"south":{"uv":[7.59375,1.71875,7.9375,1.875],"tintindex":-2,"rotation":0,"texture":"#0"},"north":{"uv":[7.5625,7.0625,7.90625,7.21875],"tintindex":-2,"rotation":0,"texture":"#0"},"west":{"uv":[7.34375,7.90625,7.53125,8.0625],"tintindex":-2,"rotation":0,"texture":"#0"},"up":{"uv":[7.78125,2.75,7.4375,2.5625],"tintindex":-2,"rotation":0,"texture":"#0"},"down":{"uv":[3.125,7.4375,2.78125,7.625],"tintindex":-2,"rotation":0,"texture":"#0"}},"rotation":{"origin":[-1.0,-4.0,4.5],"angle":45.0,"axis":"y"}},{"from":[0.0,5.625,-5.5],"to":[5.5,9.5,10.5],"faces":{"east":{"uv":[3.90625,1.25,4.90625,1.5],"tintindex":-2,"rotation":0,"texture":"#0"},"south":{"uv":[7.25,2.0625,7.59375,2.3125],"tintindex":-2,"rotation":0,"texture":"#0"},"north":{"uv":[7.25,1.8125,7.59375,2.0625],"tintindex":-2,"rotation":0,"texture":"#0"},"west":{"uv":[4.125,1.9375,5.125,2.1875],"tintindex":-2,"rotation":0,"texture":"#0"},"up":{"uv":[2.84375,4.3125,2.5,3.3125],"tintindex":-2,"rotation":0,"texture":"#0"},"down":{"uv":[3.1875,3.3125,2.84375,4.3125],"tintindex":-2,"rotation":0,"texture":"#0"}},"rotation":{"origin":[5.5,-6.5,4.5],"angle":22.5,"axis":"y"}},{"from":[-1.5,6.625,3.0],"to":[1.5,8.5,12.0],"faces":{"east":{"uv":[7.34375,1.59375,7.90625,1.71875],"tintindex":-2,"rotation":0,"texture":"#0"},"south":{"uv":[4.0625,7.9375,4.25,8.0625],"tintindex":-2,"rotation":0,"texture":"#0"},"north":{"uv":[7.9375,4.0,8.125,4.125],"tintindex":-2,"rotation":0,"texture":"#0"},"west":{"uv":[7.34375,5.25,7.90625,5.375],"tintindex":-2,"rotation":0,"texture":"#0"},"up":{"uv":[6.15625,7.3125,5.96875,6.75],"tintindex":-2,"rotation":0,"texture":"#0"},"down":{"uv":[7.0,0.71875,6.8125,1.28125],"tintindex":-2,"rotation":0,"texture":"#0"}},"rotation":{"origin":[5.5,-6.5,4.5],"angle":22.5,"axis":"y"}},{"from":[-0.75,6.875,-3.0],"to":[5.375,8.875,-1.0],"faces":{"east":{"uv":[1.75,8.0,1.875,8.125],"tintindex":-2,"rotation":0,"texture":"#0"},"south":{"uv":[7.71875,2.75,8.09375,2.875],"tintindex":-2,"rotation":0,"texture":"#0"},"north":{"uv":[7.71875,0.0,8.09375,0.125],"tintindex":-2,"rotation":0,"texture":"#0"},"west":{"uv":[1.875,8.0,2.0,8.125],"tintindex":-2,"rotation":0,"texture":"#0"},"up":{"uv":[8.09375,3.0,7.71875,2.875],"tintindex":-2,"rotation":0,"texture":"#0"},"down":{"uv":[3.46875,7.71875,3.09375,7.84375],"tintindex":-2,"rotation":0,"texture":"#0"}},"rotation":{"origin":[-1.0,-4.0,4.5],"angle":45.0,"axis":"y"}}],"display":{"gui":{"rotation":[30,225,0]}}}