{"textures":{"0":"modelengine:entity/claws"},"elements":[{"from":[6.0,11.0,1.0],"to":[9.5,12.0,10.0],"faces":{"east":{"uv":[7.875,3.0,8.4375,3.0625],"tintindex":-2,"rotation":0,"texture":"#0"},"south":{"uv":[5.90625,4.3125,6.125,4.375],"tintindex":-2,"rotation":0,"texture":"#0"},"north":{"uv":[5.84375,5.0625,6.0625,5.125],"tintindex":-2,"rotation":0,"texture":"#0"},"west":{"uv":[7.875,3.0625,8.4375,3.125],"tintindex":-2,"rotation":0,"texture":"#0"},"up":{"uv":[4.625,6.75,4.40625,6.1875],"tintindex":-2,"rotation":0,"texture":"#0"},"down":{"uv":[4.84375,6.1875,4.625,6.75],"tintindex":-2,"rotation":0,"texture":"#0"}}},{"from":[5.875,19.75,19.75],"to":[8.125,22.0,23.5],"faces":{"east":{"uv":[5.875,7.78125,6.125,7.9375],"tintindex":-2,"rotation":0,"texture":"#0"},"south":{"uv":[7.9375,1.625,8.09375,1.78125],"tintindex":-2,"rotation":0,"texture":"#0"},"north":{"uv":[1.3125,7.9375,1.46875,8.09375],"tintindex":-2,"rotation":0,"texture":"#0"},"west":{"uv":[6.125,7.78125,6.375,7.9375],"tintindex":-2,"rotation":0,"texture":"#0"},"up":{"uv":[6.875,8.03125,6.71875,7.78125],"tintindex":-2,"rotation":0,"texture":"#0"},"down":{"uv":[4.8125,7.8125,4.65625,8.0625],"tintindex":-2,"rotation":0,"texture":"#0"}},"rotation":{"origin":[13.0,-6.0,22.5],"angle":-45.0,"axis":"x"}},{"from":[5.0,5.625,-1.5],"to":[10.5,11.625,6.0],"faces":{"east":{"uv":[1.90625,5.40625,2.375,5.78125],"tintindex":-2,"rotation":0,"texture":"#0"},"south":{"uv":[0.75,6.15625,1.09375,6.53125],"tintindex":-2,"rotation":0,"texture":"#0"},"north":{"uv":[6.0625,6.125,6.40625,6.5],"tintindex":-2,"rotation":0,"texture":"#0"},"west":{"uv":[2.375,5.40625,2.84375,5.78125],"tintindex":-2,"rotation":0,"texture":"#0"},"up":{"uv":[5.90625,4.375,5.5625,3.90625],"tintindex":-2,"rotation":0,"texture":"#0"},"down":{"uv":[4.1875,5.59375,3.84375,6.0625],"tintindex":-2,"rotation":0,"texture":"#0"}}},{"from":[6.375,18.25,20.25],"to":[7.625,20.5,27.0],"faces":{"east":{"uv":[6.0625,7.375,6.5,7.53125],"tintindex":-2,"rotation":0,"texture":"#0"},"south":{"uv":[5.40625,4.65625,5.5,4.8125],"tintindex":-2,"rotation":0,"texture":"#0"},"north":{"uv":[5.0625,3.21875,5.15625,3.375],"tintindex":-2,"rotation":0,"texture":"#0"},"west":{"uv":[7.4375,0.1875,7.875,0.34375],"tintindex":-2,"rotation":0,"texture":"#0"},"up":{"uv":[4.65625,8.09375,4.5625,7.65625],"tintindex":-2,"rotation":0,"texture":"#0"},"down":{"uv":[6.71875,7.65625,6.625,8.09375],"tintindex":-2,"rotation":0,"texture":"#0"}},"rotation":{"origin":[13.0,-6.0,22.5],"angle":-45.0,"axis":"x"}},{"from":[6.5,3.5,2.0],"to":[10.0,6.5,9.0],"faces":{"east":{"uv":[7.28125,2.8125,7.71875,3.0],"tintindex":-2,"rotation":0,"texture":"#0"},"south":{"uv":[1.5,7.78125,1.71875,7.96875],"tintindex":-2,"rotation":0,"texture":"#0"},"north":{"uv":[0.5625,7.78125,0.78125,7.96875],"tintindex":-2,"rotation":0,"texture":"#0"},"west":{"uv":[7.28125,4.4375,7.71875,4.625],"tintindex":-2,"rotation":0,"texture":"#0"},"up":{"uv":[4.03125,7.34375,3.8125,6.90625],"tintindex":-2,"rotation":0,"texture":"#0"},"down":{"uv":[7.15625,3.25,6.9375,3.6875],"tintindex":-2,"rotation":0,"texture":"#0"}},"rotation":{"origin":[13.0,-6.0,22.5],"angle":22.5,"axis":"x"}},{"from":[5.75,19.5,13.0],"to":[9.75,23.5,20.0],"faces":{"east":{"uv":[6.65625,2.5625,7.09375,2.8125],"tintindex":-2,"rotation":0,"texture":"#0"},"south":{"uv":[3.375,7.46875,3.625,7.71875],"tintindex":-2,"rotation":0,"texture":"#0"},"north":{"uv":[3.125,7.46875,3.375,7.71875],"tintindex":-2,"rotation":0,"texture":"#0"},"west":{"uv":[3.6875,6.65625,4.125,6.90625],"tintindex":-2,"rotation":0,"texture":"#0"},"up":{"uv":[0.9375,6.96875,0.6875,6.53125],"tintindex":-2,"rotation":0,"texture":"#0"},"down":{"uv":[4.375,6.53125,4.125,6.96875],"tintindex":-2,"rotation":0,"texture":"#0"}},"rotation":{"origin":[13.0,-6.0,22.5],"angle":-45.0,"axis":"x"}},{"from":[5.875,19.75,7.25],"to":[8.125,22.0,11.0],"faces":{"east":{"uv":[3.8125,7.78125,4.0625,7.9375],"tintindex":-2,"rotation":0,"texture":"#0"},"south":{"uv":[1.15625,7.9375,1.3125,8.09375],"tintindex":-2,"rotation":0,"texture":"#0"},"north":{"uv":[7.90625,7.90625,8.0625,8.0625],"tintindex":-2,"rotation":0,"texture":"#0"},"west":{"uv":[4.0625,7.78125,4.3125,7.9375],"tintindex":-2,"rotation":0,"texture":"#0"},"up":{"uv":[4.46875,8.03125,4.3125,7.78125],"tintindex":-2,"rotation":0,"texture":"#0"},"down":{"uv":[7.9375,5.625,7.78125,5.875],"tintindex":-2,"rotation":0,"texture":"#0"}},"rotation":{"origin":[13.0,-6.0,22.5],"angle":-45.0,"axis":"x"}},{"from":[4.125,4.5,5.0],"to":[11.875,11.5,12.0],"faces":{"east":{"uv":[3.21875,4.96875,3.65625,5.40625],"tintindex":-2,"rotation":0,"texture":"#0"},"south":{"uv":[1.0,4.46875,1.5,4.90625],"tintindex":-2,"rotation":0,"texture":"#0"},"north":{"uv":[2.21875,4.3125,2.71875,4.75],"tintindex":-2,"rotation":0,"texture":"#0"},"west":{"uv":[0.0,5.0,0.4375,5.4375],"tintindex":-2,"rotation":0,"texture":"#0"},"up":{"uv":[3.21875,4.96875,2.71875,4.53125],"tintindex":-2,"rotation":0,"texture":"#0"},"down":{"uv":[3.71875,4.53125,3.21875,4.96875],"tintindex":-2,"rotation":0,"texture":"#0"}}},{"from":[5.875,19.25,10.25],"to":[8.625,22.5,14.0],"faces":{"east":{"uv":[7.5625,6.6875,7.8125,6.90625],"tintindex":-2,"rotation":0,"texture":"#0"},"south":{"uv":[1.90625,7.78125,2.09375,8.0],"tintindex":-2,"rotation":0,"texture":"#0"},"north":{"uv":[1.71875,7.78125,1.90625,8.0],"tintindex":-2,"rotation":0,"texture":"#0"},"west":{"uv":[6.71875,7.5625,6.96875,7.78125],"tintindex":-2,"rotation":0,"texture":"#0"},"up":{"uv":[6.625,7.90625,6.4375,7.65625],"tintindex":-2,"rotation":0,"texture":"#0"},"down":{"uv":[0.5625,7.71875,0.375,7.96875],"tintindex":-2,"rotation":0,"texture":"#0"}},"rotation":{"origin":[13.0,-6.0,22.5],"angle":-45.0,"axis":"x"}},{"from":[7.0,-0.5,4.5],"to":[9.5,5.5,10.0],"faces":{"east":{"uv":[6.15625,3.5,6.5,3.875],"tintindex":-2,"rotation":0,"texture":"#0"},"south":{"uv":[7.5,0.71875,7.65625,1.09375],"tintindex":-2,"rotation":0,"texture":"#0"},"north":{"uv":[7.5,0.34375,7.65625,0.71875],"tintindex":-2,"rotation":0,"texture":"#0"},"west":{"uv":[6.1875,0.46875,6.53125,0.84375],"tintindex":-2,"rotation":0,"texture":"#0"},"up":{"uv":[1.5,7.9375,1.34375,7.59375],"tintindex":-2,"rotation":0,"texture":"#0"},"down":{"uv":[7.75,1.875,7.59375,2.21875],"tintindex":-2,"rotation":0,"texture":"#0"}},"rotation":{"origin":[13.0,-6.0,22.5],"angle":22.5,"axis":"x"}}],"display":{"gui":{"rotation":[30,225,0]}}}