{"textures":{"5":"modelengine:entity/ezekiel_sword_vfx"},"elements":[{"from":[8.066667,7.2320685,23.003649],"to":[8.066667,19.398735,30.503647],"faces":{"east":{"uv":[16.0,16.0,8.0,0.0],"tintindex":-2,"rotation":0,"texture":"#5"},"west":{"uv":[8.0,16.0,16.0,0.0],"tintindex":-2,"rotation":0,"texture":"#5"}},"rotation":{"origin":[8.066667,9.665401,25.670315],"angle":-22.5,"axis":"x"}},{"from":[8.066667,8.166667,7.5833335],"to":[8.066667,18.833334,12.916667],"faces":{"east":{"uv":[0.0,0.0,8.0,16.0],"tintindex":-2,"rotation":0,"texture":"#5"},"west":{"uv":[8.0,0.0,0.0,16.0],"tintindex":-2,"rotation":0,"texture":"#5"}}}],"display":{"gui":{"rotation":[30,225,0]}}}