{"textures":{"0":"modelengine:entity/claws"},"elements":[{"from":[-4.75,7.375,1.5],"to":[4.375,8.375,3.0],"faces":{"east":{"uv":[5.75,1.125,5.84375,1.1875],"tintindex":-2,"rotation":0,"texture":"#0"},"south":{"uv":[7.875,0.25,8.4375,0.3125],"tintindex":-2,"rotation":0,"texture":"#0"},"north":{"uv":[7.875,0.1875,8.4375,0.25],"tintindex":-2,"rotation":0,"texture":"#0"},"west":{"uv":[1.28125,5.875,1.375,5.9375],"tintindex":-2,"rotation":0,"texture":"#0"},"up":{"uv":[8.21875,0.4375,7.65625,0.34375],"tintindex":-2,"rotation":0,"texture":"#0"},"down":{"uv":[8.21875,0.4375,7.65625,0.53125],"tintindex":-2,"rotation":0,"texture":"#0"}},"rotation":{"origin":[-1.0,-4.0,4.5],"angle":45.0,"axis":"y"}},{"from":[9.75,6.625,0.375],"to":[13.375,9.125,3.25],"faces":{"east":{"uv":[7.53125,7.90625,7.71875,8.0625],"tintindex":-2,"rotation":0,"texture":"#0"},"south":{"uv":[7.90625,5.1875,8.125,5.34375],"tintindex":-2,"rotation":0,"texture":"#0"},"north":{"uv":[5.1875,7.90625,5.40625,8.0625],"tintindex":-2,"rotation":0,"texture":"#0"},"west":{"uv":[7.71875,7.90625,7.90625,8.0625],"tintindex":-2,"rotation":0,"texture":"#0"},"up":{"uv":[7.8125,7.90625,7.59375,7.71875],"tintindex":-2,"rotation":0,"texture":"#0"},"down":{"uv":[7.96875,1.875,7.75,2.0625],"tintindex":-2,"rotation":0,"texture":"#0"}},"rotation":{"origin":[-1.0,-4.0,4.5],"angle":45.0,"axis":"y"}},{"from":[0.5,5.125,-1.0],"to":[4.5,10.5,8.5],"faces":{"east":{"uv":[4.90625,4.90625,5.5,5.25],"tintindex":-2,"rotation":0,"texture":"#0"},"south":{"uv":[0.9375,7.28125,1.1875,7.625],"tintindex":-2,"rotation":0,"texture":"#0"},"north":{"uv":[7.21875,7.25,7.46875,7.59375],"tintindex":-2,"rotation":0,"texture":"#0"},"west":{"uv":[4.96875,0.0,5.5625,0.34375],"tintindex":-2,"rotation":0,"texture":"#0"},"up":{"uv":[1.84375,6.71875,1.59375,6.125],"tintindex":-2,"rotation":0,"texture":"#0"},"down":{"uv":[2.09375,6.125,1.84375,6.71875],"tintindex":-2,"rotation":0,"texture":"#0"}},"rotation":{"origin":[5.5,-6.5,4.5],"angle":22.5,"axis":"y"}},{"from":[2.75,5.875,0.0],"to":[9.875,9.875,3.5],"faces":{"east":{"uv":[4.90625,7.5625,5.125,7.8125],"tintindex":-2,"rotation":0,"texture":"#0"},"south":{"uv":[6.65625,0.21875,7.09375,0.46875],"tintindex":-2,"rotation":0,"texture":"#0"},"north":{"uv":[6.59375,6.5625,7.03125,6.8125],"tintindex":-2,"rotation":0,"texture":"#0"},"west":{"uv":[5.125,7.5625,5.34375,7.8125],"tintindex":-2,"rotation":0,"texture":"#0"},"up":{"uv":[7.3125,3.25,6.875,3.03125],"tintindex":-2,"rotation":0,"texture":"#0"},"down":{"uv":[3.8125,6.90625,3.375,7.125],"tintindex":-2,"rotation":0,"texture":"#0"}},"rotation":{"origin":[-1.0,-4.0,4.5],"angle":45.0,"axis":"y"}},{"from":[-1.5,6.625,3.0],"to":[1.5,8.5,12.0],"faces":{"east":{"uv":[7.34375,5.375,7.90625,5.5],"tintindex":-2,"rotation":0,"texture":"#0"},"south":{"uv":[7.9375,5.625,8.125,5.75],"tintindex":-2,"rotation":0,"texture":"#0"},"north":{"uv":[7.9375,4.375,8.125,4.5],"tintindex":-2,"rotation":0,"texture":"#0"},"west":{"uv":[7.34375,5.5,7.90625,5.625],"tintindex":-2,"rotation":0,"texture":"#0"},"up":{"uv":[6.53125,7.375,6.34375,6.8125],"tintindex":-2,"rotation":0,"texture":"#0"},"down":{"uv":[6.71875,6.8125,6.53125,7.375],"tintindex":-2,"rotation":0,"texture":"#0"}},"rotation":{"origin":[5.5,-6.5,4.5],"angle":22.5,"axis":"y"}},{"from":[13.25,7.125,1.375],"to":[15.875,8.625,3.25],"faces":{"east":{"uv":[7.9375,4.5,8.0625,4.59375],"tintindex":-2,"rotation":0,"texture":"#0"},"south":{"uv":[6.4375,2.5625,6.59375,2.65625],"tintindex":-2,"rotation":0,"texture":"#0"},"north":{"uv":[6.28125,2.5625,6.4375,2.65625],"tintindex":-2,"rotation":0,"texture":"#0"},"west":{"uv":[4.9375,8.0,5.0625,8.09375],"tintindex":-2,"rotation":0,"texture":"#0"},"up":{"uv":[1.625,8.09375,1.46875,7.96875],"tintindex":-2,"rotation":0,"texture":"#0"},"down":{"uv":[8.125,1.78125,7.96875,1.90625],"tintindex":-2,"rotation":0,"texture":"#0"}},"rotation":{"origin":[-1.0,-4.0,4.5],"angle":45.0,"axis":"y"}},{"from":[0.0,5.625,-3.0],"to":[5.5,9.5,10.5],"faces":{"east":{"uv":[4.8125,2.1875,5.65625,2.4375],"tintindex":-2,"rotation":0,"texture":"#0"},"south":{"uv":[1.5625,7.28125,1.90625,7.53125],"tintindex":-2,"rotation":0,"texture":"#0"},"north":{"uv":[7.25,2.3125,7.59375,2.5625],"tintindex":-2,"rotation":0,"texture":"#0"},"west":{"uv":[4.8125,2.4375,5.65625,2.6875],"tintindex":-2,"rotation":0,"texture":"#0"},"up":{"uv":[3.875,4.53125,3.53125,3.6875],"tintindex":-2,"rotation":0,"texture":"#0"},"down":{"uv":[4.21875,3.6875,3.875,4.53125],"tintindex":-2,"rotation":0,"texture":"#0"}},"rotation":{"origin":[5.5,-6.5,4.5],"angle":22.5,"axis":"y"}},{"from":[3.75,4.625,5.0],"to":[10.875,10.25,9.0],"faces":{"east":{"uv":[7.25,3.75,7.5,4.09375],"tintindex":-2,"rotation":0,"texture":"#0"},"south":{"uv":[5.28125,5.84375,5.71875,6.1875],"tintindex":-2,"rotation":0,"texture":"#0"},"north":{"uv":[4.84375,5.84375,5.28125,6.1875],"tintindex":-2,"rotation":0,"texture":"#0"},"west":{"uv":[7.25,4.09375,7.5,4.4375],"tintindex":-2,"rotation":0,"texture":"#0"},"up":{"uv":[6.96875,0.71875,6.53125,0.46875],"tintindex":-2,"rotation":0,"texture":"#0"},"down":{"uv":[6.59375,6.5625,6.15625,6.8125],"tintindex":-2,"rotation":0,"texture":"#0"}}},{"from":[7.125,4.0,8.0],"to":[15.375,9.25,11.625],"faces":{"east":{"uv":[4.25,7.3125,4.46875,7.65625],"tintindex":-2,"rotation":0,"texture":"#0"},"south":{"uv":[5.25,5.25,5.78125,5.59375],"tintindex":-2,"rotation":0,"texture":"#0"},"north":{"uv":[4.71875,5.25,5.25,5.59375],"tintindex":-2,"rotation":0,"texture":"#0"},"west":{"uv":[4.46875,7.3125,4.6875,7.65625],"tintindex":-2,"rotation":0,"texture":"#0"},"up":{"uv":[6.8125,2.5625,6.28125,2.34375],"tintindex":-2,"rotation":0,"texture":"#0"},"down":{"uv":[6.8125,4.3125,6.28125,4.53125],"tintindex":-2,"rotation":0,"texture":"#0"}}},{"from":[1.5,6.125,6.5],"to":[4.5,9.0,15.5],"faces":{"east":{"uv":[6.78125,5.78125,7.34375,5.96875],"tintindex":-2,"rotation":0,"texture":"#0"},"south":{"uv":[3.28125,7.84375,3.46875,8.03125],"tintindex":-2,"rotation":0,"texture":"#0"},"north":{"uv":[3.09375,7.84375,3.28125,8.03125],"tintindex":-2,"rotation":0,"texture":"#0"},"west":{"uv":[6.8125,1.28125,7.375,1.46875],"tintindex":-2,"rotation":0,"texture":"#0"},"up":{"uv":[7.0,2.5625,6.8125,2.0],"tintindex":-2,"rotation":0,"texture":"#0"},"down":{"uv":[6.34375,6.8125,6.15625,7.375],"tintindex":-2,"rotation":0,"texture":"#0"}},"rotation":{"origin":[5.5,-6.5,4.5],"angle":22.5,"axis":"y"}},{"from":[-1.75,6.875,-0.5],"to":[4.375,8.875,1.5],"faces":{"east":{"uv":[8.0,2.03125,8.125,2.15625],"tintindex":-2,"rotation":0,"texture":"#0"},"south":{"uv":[7.71875,3.375,8.09375,3.5],"tintindex":-2,"rotation":0,"texture":"#0"},"north":{"uv":[7.71875,3.25,8.09375,3.375],"tintindex":-2,"rotation":0,"texture":"#0"},"west":{"uv":[4.8125,8.0,4.9375,8.125],"tintindex":-2,"rotation":0,"texture":"#0"},"up":{"uv":[8.09375,3.625,7.71875,3.5],"tintindex":-2,"rotation":0,"texture":"#0"},"down":{"uv":[8.09375,3.625,7.71875,3.75],"tintindex":-2,"rotation":0,"texture":"#0"}},"rotation":{"origin":[-1.0,-4.0,4.5],"angle":45.0,"axis":"y"}}],"display":{"gui":{"rotation":[30,225,0]}}}