{"textures":{"0":"modelengine:entity/claws"},"elements":[{"from":[1.5,6.125,6.5],"to":[4.5,9.0,15.5],"faces":{"east":{"uv":[6.71875,4.53125,7.28125,4.71875],"tintindex":-2,"rotation":0,"texture":"#0"},"south":{"uv":[7.8125,7.71875,8.0,7.90625],"tintindex":-2,"rotation":0,"texture":"#0"},"north":{"uv":[7.8125,6.6875,8.0,6.875],"tintindex":-2,"rotation":0,"texture":"#0"},"west":{"uv":[6.71875,4.71875,7.28125,4.90625],"tintindex":-2,"rotation":0,"texture":"#0"},"up":{"uv":[2.3125,7.3125,2.125,6.75],"tintindex":-2,"rotation":0,"texture":"#0"},"down":{"uv":[2.5,6.75,2.3125,7.3125],"tintindex":-2,"rotation":0,"texture":"#0"}},"rotation":{"origin":[5.5,-6.5,4.5],"angle":22.5,"axis":"y"}},{"from":[-1.5,6.625,3.0],"to":[1.5,8.5,12.0],"faces":{"east":{"uv":[5.5,7.3125,6.0625,7.4375],"tintindex":-2,"rotation":0,"texture":"#0"},"south":{"uv":[7.9375,3.875,8.125,4.0],"tintindex":-2,"rotation":0,"texture":"#0"},"north":{"uv":[3.875,7.9375,4.0625,8.0625],"tintindex":-2,"rotation":0,"texture":"#0"},"west":{"uv":[7.34375,1.46875,7.90625,1.59375],"tintindex":-2,"rotation":0,"texture":"#0"},"up":{"uv":[4.5625,7.3125,4.375,6.75],"tintindex":-2,"rotation":0,"texture":"#0"},"down":{"uv":[4.75,6.75,4.5625,7.3125],"tintindex":-2,"rotation":0,"texture":"#0"}},"rotation":{"origin":[5.5,-6.5,4.5],"angle":22.5,"axis":"y"}},{"from":[13.25,7.125,1.375],"to":[15.875,8.625,3.25],"faces":{"east":{"uv":[7.46875,1.71875,7.59375,1.8125],"tintindex":-2,"rotation":0,"texture":"#0"},"south":{"uv":[5.84375,1.5625,6.0,1.65625],"tintindex":-2,"rotation":0,"texture":"#0"},"north":{"uv":[5.71875,2.9375,5.875,3.03125],"tintindex":-2,"rotation":0,"texture":"#0"},"west":{"uv":[1.1875,7.5,1.3125,7.59375],"tintindex":-2,"rotation":0,"texture":"#0"},"up":{"uv":[6.34375,8.0625,6.1875,7.9375],"tintindex":-2,"rotation":0,"texture":"#0"},"down":{"uv":[7.03125,7.9375,6.875,8.0625],"tintindex":-2,"rotation":0,"texture":"#0"}},"rotation":{"origin":[-1.0,-4.0,4.5],"angle":45.0,"axis":"y"}},{"from":[2.75,5.875,0.0],"to":[9.875,9.875,3.5],"faces":{"east":{"uv":[1.5625,7.53125,1.78125,7.78125],"tintindex":-2,"rotation":0,"texture":"#0"},"south":{"uv":[6.5,3.375,6.9375,3.625],"tintindex":-2,"rotation":0,"texture":"#0"},"north":{"uv":[2.09375,6.5,2.53125,6.75],"tintindex":-2,"rotation":0,"texture":"#0"},"west":{"uv":[6.0,7.53125,6.21875,7.78125],"tintindex":-2,"rotation":0,"texture":"#0"},"up":{"uv":[7.28125,6.40625,6.84375,6.1875],"tintindex":-2,"rotation":0,"texture":"#0"},"down":{"uv":[3.375,6.875,2.9375,7.09375],"tintindex":-2,"rotation":0,"texture":"#0"}},"rotation":{"origin":[-1.0,-4.0,4.5],"angle":45.0,"axis":"y"}},{"from":[-1.75,6.875,-0.5],"to":[4.375,8.875,1.5],"faces":{"east":{"uv":[8.0,1.28125,8.125,1.40625],"tintindex":-2,"rotation":0,"texture":"#0"},"south":{"uv":[7.6875,5.90625,8.0625,6.03125],"tintindex":-2,"rotation":0,"texture":"#0"},"north":{"uv":[5.5,7.6875,5.875,7.8125],"tintindex":-2,"rotation":0,"texture":"#0"},"west":{"uv":[1.625,8.0,1.75,8.125],"tintindex":-2,"rotation":0,"texture":"#0"},"up":{"uv":[8.0625,6.15625,7.6875,6.03125],"tintindex":-2,"rotation":0,"texture":"#0"},"down":{"uv":[0.375,7.71875,0.0,7.84375],"tintindex":-2,"rotation":0,"texture":"#0"}},"rotation":{"origin":[-1.0,-4.0,4.5],"angle":45.0,"axis":"y"}},{"from":[0.5,5.125,-1.0],"to":[4.5,10.5,8.5],"faces":{"east":{"uv":[3.71875,4.90625,4.3125,5.25],"tintindex":-2,"rotation":0,"texture":"#0"},"south":{"uv":[5.25,7.21875,5.5,7.5625],"tintindex":-2,"rotation":0,"texture":"#0"},"north":{"uv":[5.0,7.21875,5.25,7.5625],"tintindex":-2,"rotation":0,"texture":"#0"},"west":{"uv":[4.3125,4.90625,4.90625,5.25],"tintindex":-2,"rotation":0,"texture":"#0"},"up":{"uv":[3.4375,6.6875,3.1875,6.09375],"tintindex":-2,"rotation":0,"texture":"#0"},"down":{"uv":[0.25,6.125,0.0,6.71875],"tintindex":-2,"rotation":0,"texture":"#0"}},"rotation":{"origin":[5.5,-6.5,4.5],"angle":22.5,"axis":"y"}},{"from":[-4.75,7.375,1.5],"to":[4.375,8.375,3.0],"faces":{"east":{"uv":[5.75,0.875,5.84375,0.9375],"tintindex":-2,"rotation":0,"texture":"#0"},"south":{"uv":[7.78125,7.65625,8.34375,7.71875],"tintindex":-2,"rotation":0,"texture":"#0"},"north":{"uv":[7.78125,7.59375,8.34375,7.65625],"tintindex":-2,"rotation":0,"texture":"#0"},"west":{"uv":[5.75,0.9375,5.84375,1.0],"tintindex":-2,"rotation":0,"texture":"#0"},"up":{"uv":[8.1875,7.3125,7.625,7.21875],"tintindex":-2,"rotation":0,"texture":"#0"},"down":{"uv":[8.1875,7.3125,7.625,7.40625],"tintindex":-2,"rotation":0,"texture":"#0"}},"rotation":{"origin":[-1.0,-4.0,4.5],"angle":45.0,"axis":"y"}},{"from":[3.75,4.625,5.0],"to":[10.875,10.25,9.0],"faces":{"east":{"uv":[6.96875,7.15625,7.21875,7.5],"tintindex":-2,"rotation":0,"texture":"#0"},"south":{"uv":[5.84375,4.375,6.28125,4.71875],"tintindex":-2,"rotation":0,"texture":"#0"},"north":{"uv":[5.84375,1.21875,6.28125,1.5625],"tintindex":-2,"rotation":0,"texture":"#0"},"west":{"uv":[4.75,7.21875,5.0,7.5625],"tintindex":-2,"rotation":0,"texture":"#0"},"up":{"uv":[6.875,3.375,6.4375,3.125],"tintindex":-2,"rotation":0,"texture":"#0"},"down":{"uv":[0.6875,6.5,0.25,6.75],"tintindex":-2,"rotation":0,"texture":"#0"}}},{"from":[9.75,6.625,0.375],"to":[13.375,9.125,3.25],"faces":{"east":{"uv":[7.90625,6.875,8.09375,7.03125],"tintindex":-2,"rotation":0,"texture":"#0"},"south":{"uv":[7.90625,4.59375,8.125,4.75],"tintindex":-2,"rotation":0,"texture":"#0"},"north":{"uv":[3.46875,7.90625,3.6875,8.0625],"tintindex":-2,"rotation":0,"texture":"#0"},"west":{"uv":[7.90625,7.03125,8.09375,7.1875],"tintindex":-2,"rotation":0,"texture":"#0"},"up":{"uv":[7.375,7.90625,7.15625,7.71875],"tintindex":-2,"rotation":0,"texture":"#0"},"down":{"uv":[7.59375,7.71875,7.375,7.90625],"tintindex":-2,"rotation":0,"texture":"#0"}},"rotation":{"origin":[-1.0,-4.0,4.5],"angle":45.0,"axis":"y"}},{"from":[7.125,6.0,8.0],"to":[15.375,11.25,11.625],"faces":{"east":{"uv":[2.5625,7.3125,2.78125,7.65625],"tintindex":-2,"rotation":0,"texture":"#0"},"south":{"uv":[4.1875,5.25,4.71875,5.59375],"tintindex":-2,"rotation":0,"texture":"#0"},"north":{"uv":[3.65625,5.25,4.1875,5.59375],"tintindex":-2,"rotation":0,"texture":"#0"},"west":{"uv":[4.03125,7.3125,4.25,7.65625],"tintindex":-2,"rotation":0,"texture":"#0"},"up":{"uv":[6.8125,1.0625,6.28125,0.84375],"tintindex":-2,"rotation":0,"texture":"#0"},"down":{"uv":[6.8125,1.0625,6.28125,1.28125],"tintindex":-2,"rotation":0,"texture":"#0"}}},{"from":[0.0,5.625,-3.0],"to":[5.5,9.5,10.5],"faces":{"east":{"uv":[0.0,4.75,0.84375,5.0],"tintindex":-2,"rotation":0,"texture":"#0"},"south":{"uv":[7.21875,7.0,7.5625,7.25],"tintindex":-2,"rotation":0,"texture":"#0"},"north":{"uv":[7.21875,6.75,7.5625,7.0],"tintindex":-2,"rotation":0,"texture":"#0"},"west":{"uv":[1.5,4.75,2.34375,5.0],"tintindex":-2,"rotation":0,"texture":"#0"},"up":{"uv":[3.90625,1.6875,3.5625,0.84375],"tintindex":-2,"rotation":0,"texture":"#0"},"down":{"uv":[3.53125,3.6875,3.1875,4.53125],"tintindex":-2,"rotation":0,"texture":"#0"}},"rotation":{"origin":[5.5,-6.5,4.5],"angle":22.5,"axis":"y"}}],"display":{"gui":{"rotation":[30,225,0]}}}