{"textures":{"0":"modelengine:entity/claws"},"elements":[{"from":[6.125,5.875,0.0],"to":[13.25,9.875,3.5],"faces":{"east":{"uv":[7.5,3.25,7.71875,3.5],"tintindex":-2,"rotation":0,"texture":"#0"},"south":{"uv":[6.40625,1.5,6.84375,1.75],"tintindex":-2,"rotation":0,"texture":"#0"},"north":{"uv":[6.28125,4.78125,6.71875,5.03125],"tintindex":-2,"rotation":0,"texture":"#0"},"west":{"uv":[7.5,3.5,7.71875,3.75],"tintindex":-2,"rotation":0,"texture":"#0"},"up":{"uv":[3.15625,4.53125,2.71875,4.3125],"tintindex":-2,"rotation":0,"texture":"#0"},"down":{"uv":[7.25,4.28125,6.8125,4.5],"tintindex":-2,"rotation":0,"texture":"#0"}},"rotation":{"origin":[17.0,-4.0,4.5],"angle":-45.0,"axis":"y"}},{"from":[14.5,6.625,3.0],"to":[17.5,8.5,12.0],"faces":{"east":{"uv":[3.5625,1.9375,4.125,2.0625],"tintindex":-2,"rotation":0,"texture":"#0"},"south":{"uv":[7.90625,5.5,8.09375,5.625],"tintindex":-2,"rotation":0,"texture":"#0"},"north":{"uv":[7.90625,4.75,8.09375,4.875],"tintindex":-2,"rotation":0,"texture":"#0"},"west":{"uv":[7.3125,3.0,7.875,3.125],"tintindex":-2,"rotation":0,"texture":"#0"},"up":{"uv":[5.40625,7.21875,5.21875,6.65625],"tintindex":-2,"rotation":0,"texture":"#0"},"down":{"uv":[5.59375,6.65625,5.40625,7.21875],"tintindex":-2,"rotation":0,"texture":"#0"}},"rotation":{"origin":[10.5,-6.5,4.5],"angle":-22.5,"axis":"y"}},{"from":[11.5,6.125,6.5],"to":[14.5,9.0,15.5],"faces":{"east":{"uv":[3.90625,1.5,4.46875,1.6875],"tintindex":-2,"rotation":0,"texture":"#0"},"south":{"uv":[7.8125,1.28125,8.0,1.46875],"tintindex":-2,"rotation":0,"texture":"#0"},"north":{"uv":[6.21875,5.28125,6.40625,5.46875],"tintindex":-2,"rotation":0,"texture":"#0"},"west":{"uv":[6.53125,4.09375,7.09375,4.28125],"tintindex":-2,"rotation":0,"texture":"#0"},"up":{"uv":[5.03125,7.21875,4.84375,6.65625],"tintindex":-2,"rotation":0,"texture":"#0"},"down":{"uv":[5.21875,6.65625,5.03125,7.21875],"tintindex":-2,"rotation":0,"texture":"#0"}},"rotation":{"origin":[10.5,-6.5,4.5],"angle":-22.5,"axis":"y"}},{"from":[5.125,4.625,5.0],"to":[12.25,10.25,9.0],"faces":{"east":{"uv":[4.03125,6.96875,4.28125,7.3125],"tintindex":-2,"rotation":0,"texture":"#0"},"south":{"uv":[5.75,1.65625,6.1875,2.0],"tintindex":-2,"rotation":0,"texture":"#0"},"north":{"uv":[5.75,0.53125,6.1875,0.875],"tintindex":-2,"rotation":0,"texture":"#0"},"west":{"uv":[6.96875,6.8125,7.21875,7.15625],"tintindex":-2,"rotation":0,"texture":"#0"},"up":{"uv":[0.6875,6.5,0.25,6.25],"tintindex":-2,"rotation":0,"texture":"#0"},"down":{"uv":[6.71875,4.53125,6.28125,4.78125],"tintindex":-2,"rotation":0,"texture":"#0"}}},{"from":[11.5,5.125,-1.0],"to":[15.5,10.5,8.5],"faces":{"east":{"uv":[4.8125,2.6875,5.40625,3.03125],"tintindex":-2,"rotation":0,"texture":"#0"},"south":{"uv":[7.0,0.8125,7.25,1.15625],"tintindex":-2,"rotation":0,"texture":"#0"},"north":{"uv":[7.0,0.46875,7.25,0.8125],"tintindex":-2,"rotation":0,"texture":"#0"},"west":{"uv":[4.90625,0.75,5.5,1.09375],"tintindex":-2,"rotation":0,"texture":"#0"},"up":{"uv":[6.15625,4.09375,5.90625,3.5],"tintindex":-2,"rotation":0,"texture":"#0"},"down":{"uv":[4.09375,6.0625,3.84375,6.65625],"tintindex":-2,"rotation":0,"texture":"#0"}},"rotation":{"origin":[10.5,-6.5,4.5],"angle":-22.5,"axis":"y"}},{"from":[2.625,6.625,0.375],"to":[6.25,9.125,3.25],"faces":{"east":{"uv":[0.25,5.4375,0.4375,5.59375],"tintindex":-2,"rotation":0,"texture":"#0"},"south":{"uv":[7.875,4.875,8.09375,5.03125],"tintindex":-2,"rotation":0,"texture":"#0"},"north":{"uv":[0.9375,7.875,1.15625,8.03125],"tintindex":-2,"rotation":0,"texture":"#0"},"west":{"uv":[6.84375,6.40625,7.03125,6.5625],"tintindex":-2,"rotation":0,"texture":"#0"},"up":{"uv":[7.15625,3.875,6.9375,3.6875],"tintindex":-2,"rotation":0,"texture":"#0"},"down":{"uv":[3.6875,7.71875,3.46875,7.90625],"tintindex":-2,"rotation":0,"texture":"#0"}},"rotation":{"origin":[17.0,-4.0,4.5],"angle":-45.0,"axis":"y"}},{"from":[0.125,7.125,1.375],"to":[2.75,8.625,3.25],"faces":{"east":{"uv":[5.625,1.65625,5.75,1.75],"tintindex":-2,"rotation":0,"texture":"#0"},"south":{"uv":[5.46875,1.65625,5.625,1.75],"tintindex":-2,"rotation":0,"texture":"#0"},"north":{"uv":[5.40625,2.9375,5.5625,3.03125],"tintindex":-2,"rotation":0,"texture":"#0"},"west":{"uv":[5.71875,4.375,5.84375,4.46875],"tintindex":-2,"rotation":0,"texture":"#0"},"up":{"uv":[7.0,2.0,6.84375,1.875],"tintindex":-2,"rotation":0,"texture":"#0"},"down":{"uv":[2.9375,7.3125,2.78125,7.4375],"tintindex":-2,"rotation":0,"texture":"#0"}},"rotation":{"origin":[17.0,-4.0,4.5],"angle":-45.0,"axis":"y"}},{"from":[0.625,6.0,8.0],"to":[8.875,11.25,11.625],"faces":{"east":{"uv":[7.28125,6.375,7.5,6.71875],"tintindex":-2,"rotation":0,"texture":"#0"},"south":{"uv":[5.15625,3.21875,5.6875,3.5625],"tintindex":-2,"rotation":0,"texture":"#0"},"north":{"uv":[1.4375,5.0,1.96875,5.34375],"tintindex":-2,"rotation":0,"texture":"#0"},"west":{"uv":[1.90625,7.3125,2.125,7.65625],"tintindex":-2,"rotation":0,"texture":"#0"},"up":{"uv":[5.5,0.75,4.96875,0.53125],"tintindex":-2,"rotation":0,"texture":"#0"},"down":{"uv":[6.6875,3.875,6.15625,4.09375],"tintindex":-2,"rotation":0,"texture":"#0"}}},{"from":[11.625,7.375,1.5],"to":[20.75,8.375,3.0],"faces":{"east":{"uv":[4.125,3.625,4.21875,3.6875],"tintindex":-2,"rotation":0,"texture":"#0"},"south":{"uv":[7.65625,1.03125,8.21875,1.09375],"tintindex":-2,"rotation":0,"texture":"#0"},"north":{"uv":[4.90625,1.4375,5.46875,1.5],"tintindex":-2,"rotation":0,"texture":"#0"},"west":{"uv":[5.0625,3.375,5.15625,3.4375],"tintindex":-2,"rotation":0,"texture":"#0"},"up":{"uv":[8.15625,2.3125,7.59375,2.21875],"tintindex":-2,"rotation":0,"texture":"#0"},"down":{"uv":[8.15625,2.3125,7.59375,2.40625],"tintindex":-2,"rotation":0,"texture":"#0"}},"rotation":{"origin":[17.0,-4.0,4.5],"angle":-45.0,"axis":"y"}},{"from":[10.5,5.625,-3.0],"to":[16.0,9.5,10.5],"faces":{"east":{"uv":[4.625,1.5,5.46875,1.75],"tintindex":-2,"rotation":0,"texture":"#0"},"south":{"uv":[5.15625,3.90625,5.5,4.15625],"tintindex":-2,"rotation":0,"texture":"#0"},"north":{"uv":[0.4375,5.0,0.78125,5.25],"tintindex":-2,"rotation":0,"texture":"#0"},"west":{"uv":[3.71875,4.65625,4.5625,4.90625],"tintindex":-2,"rotation":0,"texture":"#0"},"up":{"uv":[0.34375,4.3125,0.0,3.46875],"tintindex":-2,"rotation":0,"texture":"#0"},"down":{"uv":[0.6875,3.46875,0.34375,4.3125],"tintindex":-2,"rotation":0,"texture":"#0"}},"rotation":{"origin":[10.5,-6.5,4.5],"angle":-22.5,"axis":"y"}},{"from":[11.625,6.875,-0.5],"to":[17.75,8.875,1.5],"faces":{"east":{"uv":[4.09375,4.53125,4.21875,4.65625],"tintindex":-2,"rotation":0,"texture":"#0"},"south":{"uv":[6.40625,2.0,6.78125,2.125],"tintindex":-2,"rotation":0,"texture":"#0"},"north":{"uv":[3.71875,4.53125,4.09375,4.65625],"tintindex":-2,"rotation":0,"texture":"#0"},"west":{"uv":[1.78125,7.53125,1.90625,7.65625],"tintindex":-2,"rotation":0,"texture":"#0"},"up":{"uv":[8.03125,0.65625,7.65625,0.53125],"tintindex":-2,"rotation":0,"texture":"#0"},"down":{"uv":[0.9375,7.65625,0.5625,7.78125],"tintindex":-2,"rotation":0,"texture":"#0"}},"rotation":{"origin":[17.0,-4.0,4.5],"angle":-45.0,"axis":"y"}}],"display":{"gui":{"rotation":[30,225,0]}}}