{"textures":{"0":"modelengine:entity/claws"},"elements":[{"from":[2.125,5.875,-2.5],"to":[12.25,9.875,1.0],"faces":{"east":{"uv":[7.5,3.75,7.71875,4.0],"tintindex":-2,"rotation":0,"texture":"#0"},"south":{"uv":[4.1875,5.59375,4.8125,5.84375],"tintindex":-2,"rotation":0,"texture":"#0"},"north":{"uv":[5.5625,0.0,6.1875,0.25],"tintindex":-2,"rotation":0,"texture":"#0"},"west":{"uv":[7.5,4.0,7.71875,4.25],"tintindex":-2,"rotation":0,"texture":"#0"},"up":{"uv":[6.28125,2.65625,5.65625,2.4375],"tintindex":-2,"rotation":0,"texture":"#0"},"down":{"uv":[6.53125,4.09375,5.90625,4.3125],"tintindex":-2,"rotation":0,"texture":"#0"}},"rotation":{"origin":[17.0,-4.0,4.5],"angle":-45.0,"axis":"y"}},{"from":[10.625,6.875,-3.0],"to":[16.75,8.875,-1.0],"faces":{"east":{"uv":[3.6875,7.8125,3.8125,7.9375],"tintindex":-2,"rotation":0,"texture":"#0"},"south":{"uv":[7.65625,0.78125,8.03125,0.90625],"tintindex":-2,"rotation":0,"texture":"#0"},"north":{"uv":[7.65625,0.65625,8.03125,0.78125],"tintindex":-2,"rotation":0,"texture":"#0"},"west":{"uv":[2.46875,7.9375,2.59375,8.0625],"tintindex":-2,"rotation":0,"texture":"#0"},"up":{"uv":[8.03125,1.03125,7.65625,0.90625],"tintindex":-2,"rotation":0,"texture":"#0"},"down":{"uv":[2.15625,7.65625,1.78125,7.78125],"tintindex":-2,"rotation":0,"texture":"#0"}},"rotation":{"origin":[17.0,-4.0,4.5],"angle":-45.0,"axis":"y"}},{"from":[-5.375,7.125,-1.125],"to":[-2.75,8.625,0.75],"faces":{"east":{"uv":[5.59375,6.65625,5.71875,6.75],"tintindex":-2,"rotation":0,"texture":"#0"},"south":{"uv":[5.5625,2.9375,5.71875,3.03125],"tintindex":-2,"rotation":0,"texture":"#0"},"north":{"uv":[5.5625,0.25,5.71875,0.34375],"tintindex":-2,"rotation":0,"texture":"#0"},"west":{"uv":[6.84375,5.6875,6.96875,5.78125],"tintindex":-2,"rotation":0,"texture":"#0"},"up":{"uv":[8.09375,5.875,7.9375,5.75],"tintindex":-2,"rotation":0,"texture":"#0"},"down":{"uv":[6.03125,7.9375,5.875,8.0625],"tintindex":-2,"rotation":0,"texture":"#0"}},"rotation":{"origin":[17.0,-4.0,4.5],"angle":-45.0,"axis":"y"}},{"from":[14.5,6.625,3.0],"to":[17.5,8.5,12.0],"faces":{"east":{"uv":[7.3125,3.125,7.875,3.25],"tintindex":-2,"rotation":0,"texture":"#0"},"south":{"uv":[2.28125,7.9375,2.46875,8.0625],"tintindex":-2,"rotation":0,"texture":"#0"},"north":{"uv":[2.09375,7.9375,2.28125,8.0625],"tintindex":-2,"rotation":0,"texture":"#0"},"west":{"uv":[7.3125,4.875,7.875,5.0],"tintindex":-2,"rotation":0,"texture":"#0"},"up":{"uv":[1.3125,7.28125,1.125,6.71875],"tintindex":-2,"rotation":0,"texture":"#0"},"down":{"uv":[1.75,6.71875,1.5625,7.28125],"tintindex":-2,"rotation":0,"texture":"#0"}},"rotation":{"origin":[10.5,-6.5,4.5],"angle":-22.5,"axis":"y"}},{"from":[0.625,5.5,8.0],"to":[8.875,9.75,11.625],"faces":{"east":{"uv":[1.5,4.46875,1.71875,4.75],"tintindex":-2,"rotation":0,"texture":"#0"},"south":{"uv":[0.75,5.875,1.28125,6.15625],"tintindex":-2,"rotation":0,"texture":"#0"},"north":{"uv":[5.71875,5.84375,6.25,6.125],"tintindex":-2,"rotation":0,"texture":"#0"},"west":{"uv":[3.8125,7.34375,4.03125,7.625],"tintindex":-2,"rotation":0,"texture":"#0"},"up":{"uv":[6.71875,0.21875,6.1875,0.0],"tintindex":-2,"rotation":0,"texture":"#0"},"down":{"uv":[5.375,6.1875,4.84375,6.40625],"tintindex":-2,"rotation":0,"texture":"#0"}}},{"from":[10.5,5.625,-5.5],"to":[16.0,9.5,10.5],"faces":{"east":{"uv":[3.90625,0.75,4.90625,1.0],"tintindex":-2,"rotation":0,"texture":"#0"},"south":{"uv":[7.09375,2.5625,7.4375,2.8125],"tintindex":-2,"rotation":0,"texture":"#0"},"north":{"uv":[7.09375,0.1875,7.4375,0.4375],"tintindex":-2,"rotation":0,"texture":"#0"},"west":{"uv":[3.90625,1.0,4.90625,1.25],"tintindex":-2,"rotation":0,"texture":"#0"},"up":{"uv":[2.15625,4.3125,1.8125,3.3125],"tintindex":-2,"rotation":0,"texture":"#0"},"down":{"uv":[2.5,3.3125,2.15625,4.3125],"tintindex":-2,"rotation":0,"texture":"#0"}},"rotation":{"origin":[10.5,-6.5,4.5],"angle":-22.5,"axis":"y"}},{"from":[11.5,6.125,6.5],"to":[14.5,9.0,15.5],"faces":{"east":{"uv":[2.53125,6.6875,3.09375,6.875],"tintindex":-2,"rotation":0,"texture":"#0"},"south":{"uv":[5.0,7.8125,5.1875,8.0],"tintindex":-2,"rotation":0,"texture":"#0"},"north":{"uv":[4.8125,7.8125,5.0,8.0],"tintindex":-2,"rotation":0,"texture":"#0"},"west":{"uv":[3.09375,6.6875,3.65625,6.875],"tintindex":-2,"rotation":0,"texture":"#0"},"up":{"uv":[0.1875,7.28125,0.0,6.71875],"tintindex":-2,"rotation":0,"texture":"#0"},"down":{"uv":[1.125,6.71875,0.9375,7.28125],"tintindex":-2,"rotation":0,"texture":"#0"}},"rotation":{"origin":[10.5,-6.5,4.5],"angle":-22.5,"axis":"y"}},{"from":[-2.875,6.625,-2.125],"to":[2.75,9.125,0.75],"faces":{"east":{"uv":[2.90625,7.875,3.09375,8.03125],"tintindex":-2,"rotation":0,"texture":"#0"},"south":{"uv":[7.5625,6.90625,7.90625,7.0625],"tintindex":-2,"rotation":0,"texture":"#0"},"north":{"uv":[7.5,4.25,7.84375,4.40625],"tintindex":-2,"rotation":0,"texture":"#0"},"west":{"uv":[7.90625,5.34375,8.09375,5.5],"tintindex":-2,"rotation":0,"texture":"#0"},"up":{"uv":[2.6875,4.9375,2.34375,4.75],"tintindex":-2,"rotation":0,"texture":"#0"},"down":{"uv":[5.71875,6.1875,5.375,6.375],"tintindex":-2,"rotation":0,"texture":"#0"}},"rotation":{"origin":[17.0,-4.0,4.5],"angle":-45.0,"axis":"y"}},{"from":[5.125,4.625,5.0],"to":[12.25,10.25,9.0],"faces":{"east":{"uv":[7.0,1.875,7.25,2.21875],"tintindex":-2,"rotation":0,"texture":"#0"},"south":{"uv":[2.03125,5.78125,2.46875,6.125],"tintindex":-2,"rotation":0,"texture":"#0"},"north":{"uv":[1.59375,5.78125,2.03125,6.125],"tintindex":-2,"rotation":0,"texture":"#0"},"west":{"uv":[7.0,2.21875,7.25,2.5625],"tintindex":-2,"rotation":0,"texture":"#0"},"up":{"uv":[6.84375,2.0,6.40625,1.75],"tintindex":-2,"rotation":0,"texture":"#0"},"down":{"uv":[6.84375,2.875,6.40625,3.125],"tintindex":-2,"rotation":0,"texture":"#0"}}},{"from":[10.625,7.375,-1.0],"to":[19.75,8.375,0.5],"faces":{"east":{"uv":[5.375,4.15625,5.46875,4.21875],"tintindex":-2,"rotation":0,"texture":"#0"},"south":{"uv":[7.71875,4.125,8.28125,4.1875],"tintindex":-2,"rotation":0,"texture":"#0"},"north":{"uv":[7.71875,0.125,8.28125,0.1875],"tintindex":-2,"rotation":0,"texture":"#0"},"west":{"uv":[5.40625,4.8125,5.5,4.875],"tintindex":-2,"rotation":0,"texture":"#0"},"up":{"uv":[8.15625,2.5,7.59375,2.40625],"tintindex":-2,"rotation":0,"texture":"#0"},"down":{"uv":[8.1875,1.09375,7.625,1.1875],"tintindex":-2,"rotation":0,"texture":"#0"}},"rotation":{"origin":[17.0,-4.0,4.5],"angle":-45.0,"axis":"y"}},{"from":[11.5,5.125,-2.5],"to":[15.5,10.5,8.5],"faces":{"east":{"uv":[1.03125,4.125,1.71875,4.46875],"tintindex":-2,"rotation":0,"texture":"#0"},"south":{"uv":[7.09375,1.46875,7.34375,1.8125],"tintindex":-2,"rotation":0,"texture":"#0"},"north":{"uv":[7.03125,6.40625,7.28125,6.75],"tintindex":-2,"rotation":0,"texture":"#0"},"west":{"uv":[4.125,2.1875,4.8125,2.53125],"tintindex":-2,"rotation":0,"texture":"#0"},"up":{"uv":[3.09375,6.09375,2.84375,5.40625],"tintindex":-2,"rotation":0,"texture":"#0"},"down":{"uv":[3.34375,5.40625,3.09375,6.09375],"tintindex":-2,"rotation":0,"texture":"#0"}},"rotation":{"origin":[10.5,-6.5,4.5],"angle":-22.5,"axis":"y"}}],"display":{"gui":{"rotation":[30,225,0]}}}